,coefficient
intercept,-332.1607385706053
year,0.1929755923423725
month,-0.518885188933787
day,-0.06446844184078535
hour,0.14404843894781036
log_PM10_demean,50.75326237440619
log_SO2_demean,0.5427248242522262
log_NO2_demean,6.078556335042091
log_CO_demean,16.26096098782477
log_O3_demean,6.220840209175724
TEMP_demean,-2.4384658142587226
log_PRES_demean,73.73768195158979
DEWP_demean,2.4193850496396543
log_RAIN_demean,-27.072736028541886
log_WSPM_demean,3.0426296339240904
station_Changping,7.158392792479796
station_Dingling,13.573824026091897
station_Dongsi,0.8489301694301105
station_Guanyuan,-1.2678070339961254
station_Gucheng,4.512493118467837
station_Huairou,2.5223971778976626
station_Nongzhanguan,-0.5331973953240766
station_Shunyi,4.181850076223019
station_Tiantan,2.061235366695637
station_Wanliu,-0.4344508835341281
station_Wanshouxigong,1.9842073969728082
wd_ENE,0.5026656715986307
wd_ESE,-1.5086330683916747
wd_N,1.4583732257478568
wd_NE,1.5399039731561748
wd_NNE,-0.33878477137193047
wd_NNW,1.0392251310834457
wd_NW,-0.5390745048628475
wd_S,0.5221494089813212
wd_SE,-2.727919807234784
wd_SSE,-1.6376368812514561
wd_SSW,0.9454322482352624
wd_SW,3.703973149277354
wd_W,-0.22066715703357884
wd_WNW,-1.4726391314245473
wd_WSW,4.372282035814805
log_CO_demean_x_TEMP_demean,-0.42904721207806795
log_PM10_demean_x_wd_NE,-4.718449505954968
log_PM10_demean_x_wd_ENE,-2.230944790911362
log_CO_demean_x_wd_NE,1.5096252546258524
log_CO_demean_x_wd_ENE,-0.04418299677211389
log_PM10_demean_x_log_CO_demean,26.40772711130738
log_SO2_demean_x_log_CO_demean,-7.788945134061807
log_PM10_demean_x_TEMP_demean,-1.281250737026116
log_CO_demean_x_station_Nongzhanguan,-1.7510070177047021
log_PM10_demean_x_station_Nongzhanguan,2.079311516161318
log_NO2_demean_x_TEMP_demean,-0.049223465134691946
log_PM10_demean_x_station_Dongsi,-3.4612251393031706
log_CO_demean_x_log_O3_demean,3.1394490429119193
log_CO_demean_x_station_Wanshouxigong,3.679659646657367
log_PM10_demean_x_station_Wanliu,-3.5721708220965938
log_CO_demean_x_station_Dongsi,-0.2033907179432196
log_PM10_demean_x_station_Wanshouxigong,-6.196971710283905
log_PM10_demean_x_log_SO2_demean,6.0541972591065365
log_O3_demean_x_TEMP_demean,0.3850299963682213
log_PM10_demean_x_station_Shunyi,7.71707673292696
log_PM10_demean_x_station_Guanyuan,0.5906463703156845
log_PM10_demean_x_station_Tiantan,1.9116444653453892
log_CO_demean_x_station_Tiantan,-1.1925351748918047
log_CO_demean_x_station_Wanliu,2.769446068699745
log_CO_demean_x_DEWP_demean,1.0082796442946045
log_NO2_demean_x_wd_NE,0.8756198483514397
log_SO2_demean_x_TEMP_demean,0.09254751472808447
log_PM10_demean_x_wd_N,-4.604927435359193
log_CO_demean_x_station_Guanyuan,-0.9184526187264295
log_CO_demean_x_wd_N,4.740059715026855
log_PM10_demean_x_station_Dingling,7.528922844014254
log_PM10_demean_x_wd_ESE,0.44829411487604004
log_PM10_demean_x_station_Gucheng,1.1682115151792145
log_NO2_demean_x_wd_ENE,2.1157529212466977
log_CO_demean_x_log_PRES_demean,490.08218416912047
log_CO_demean_x_station_Shunyi,-1.0961864141699966
log_PM10_demean_x_station_Changping,3.1070275696383476
log_CO_demean_x_station_Gucheng,0.6838871967784497
log_PM10_demean_x_wd_NNE,-5.826268257014923
log_PM10_demean_x_station_Huairou,4.788787066750843
log_CO_demean_x_station_Dingling,6.769543805180312
log_SO2_demean_x_log_NO2_demean,5.612777691944253
log_CO_demean_x_station_Changping,-1.9914028684535898
log_CO_demean_x_station_Huairou,2.6686903928046135
log_CO_demean_x_wd_NW,5.354686537934212
log_CO_demean_x_wd_NNE,0.7680568314021177
DEWP_demean_x_log_WSPM_demean,-0.7345824423236624
log_NO2_demean_x_DEWP_demean,-0.11814381092547378
log_SO2_demean_x_wd_NE,2.752137393018581
log_PM10_demean_x_log_PRES_demean,-298.69580154591665
log_CO_demean_x_wd_ESE,-0.28858196213097215
log_NO2_demean_x_station_Nongzhanguan,2.5527117660275445
log_PM10_demean_x_wd_NW,-3.6936482296689856
log_CO_demean_x_wd_WNW,4.907012201576498
log_NO2_demean_x_station_Wanshouxigong,7.108605700524328
log_PM10_demean_x_log_O3_demean,0.6986481859276437
log_NO2_demean_x_station_Dongsi,1.3320003590515554
log_NO2_demean_x_station_Gucheng,-0.6504473891130423
log_SO2_demean_x_station_Dongsi,7.701490284479374
log_PM10_demean_x_wd_WNW,-5.328711204504263
log_SO2_demean_x_station_Nongzhanguan,0.5544521366322777
log_SO2_demean_x_wd_ENE,1.1743913724333541
log_CO_demean_x_wd_NNW,1.5922764685959103
log_PM10_demean_x_wd_NNW,-2.3291816467444986
log_O3_demean_x_log_PRES_demean,125.34333646423018
log_NO2_demean_x_wd_N,0.046693094017975764
log_O3_demean_x_DEWP_demean,-0.35765898971373067
log_NO2_demean_x_log_PRES_demean,317.18662939794757
log_NO2_demean_x_station_Guanyuan,3.4351409661238756
log_PM10_demean_x_wd_SE,-0.6710580440478089
log_NO2_demean_x_station_Dingling,4.540703642572168
log_NO2_demean_x_station_Wanliu,1.0037658861313854
log_NO2_demean_x_station_Shunyi,-0.08128400512290085
log_NO2_demean_x_station_Tiantan,4.460649989802089
log_NO2_demean_x_wd_NW,-2.5037917129365814
log_SO2_demean_x_DEWP_demean,-0.2977026766566656
log_CO_demean_x_wd_W,4.4375892121071665
log_PM10_demean_x_wd_W,-7.3831982137120375
log_NO2_demean_x_log_CO_demean,1.2748808046424132
log_NO2_demean_x_station_Changping,5.161028423946199
log_NO2_demean_x_wd_NNE,0.6529049941841765
log_SO2_demean_x_station_Wanshouxigong,0.5092256574944891
log_SO2_demean_x_station_Wanliu,2.739420491364579
log_CO_demean_x_wd_SW,6.752862844157009
log_NO2_demean_x_wd_WNW,-2.434609317955143
log_PRES_demean_x_DEWP_demean,-14.243334813000862
log_CO_demean_x_wd_WSW,6.315212279381275
log_PM10_demean_x_wd_SSE,0.09716125436051551
TEMP_demean_x_log_WSPM_demean,0.6802594164481252
log_CO_demean_x_wd_SE,-1.1874103896307586
log_SO2_demean_x_station_Guanyuan,-0.5889431853293897
log_NO2_demean_x_log_O3_demean,0.7245847022960945
log_PM10_demean_x_wd_WSW,-8.05626039239779
log_NO2_demean_x_station_Huairou,4.454510696067043
log_PM10_demean_x_wd_SW,-8.657397858056012
log_NO2_demean_x_wd_NNW,-0.614637943066957
log_NO2_demean_x_wd_ESE,-2.1025127263444876
log_PM10_demean_x_wd_S,-6.900054528367491
log_PM10_demean_x_wd_SSW,-6.796308187330672
log_PRES_demean_x_log_WSPM_demean,-281.7127000732873
log_SO2_demean_x_station_Dingling,2.417786460462493
log_CO_demean_x_wd_SSE,-0.3309219218532481
log_CO_demean_x_wd_S,4.091365670526333
log_CO_demean_x_wd_SSW,5.706102188526937
log_SO2_demean_x_station_Gucheng,1.162913254824493
log_O3_demean_x_wd_NE,0.33199079187242
log_SO2_demean_x_log_O3_demean,-0.569952001146268
log_SO2_demean_x_wd_NNE,1.97766009105917
log_SO2_demean_x_wd_NW,-0.7530748622010618
log_SO2_demean_x_log_PRES_demean,36.01872182518536
log_SO2_demean_x_station_Tiantan,-0.054701234374527834
log_O3_demean_x_wd_ENE,0.32425245452269486
log_SO2_demean_x_wd_N,-0.4978902454114596
log_SO2_demean_x_station_Shunyi,-0.28427313363838563
log_PM10_demean_x_DEWP_demean,1.186562954010015
log_SO2_demean_x_station_Changping,2.421579351313229
log_SO2_demean_x_station_Huairou,0.02677879681921546
log_SO2_demean_x_wd_WNW,0.9352980988317884
log_SO2_demean_x_wd_ESE,0.8254730530234018
log_WSPM_demean_x_wd_NW,-4.2099938808193205
log_PM10_demean_x_log_NO2_demean,5.996228852542962
log_SO2_demean_x_wd_NNW,0.6953134500959404
log_NO2_demean_x_wd_W,-1.7356592149760468
log_WSPM_demean_x_wd_WNW,-2.9072252616988927
log_SO2_demean_x_wd_W,2.5825374915813053
log_NO2_demean_x_wd_SE,-1.3726620832907726
log_WSPM_demean_x_wd_N,0.9769499495607948
log_O3_demean_x_station_Nongzhanguan,1.0967496166441377
log_WSPM_demean_x_wd_NNW,-3.1128178312202093
log_SO2_demean_x_wd_WSW,3.098888216903866
log_O3_demean_x_wd_NW,-0.5310826774751898
log_SO2_demean_x_wd_SW,4.447246034701622
log_SO2_demean_x_wd_SE,1.7171157599114952
log_NO2_demean_x_wd_WSW,-3.316871397306289
log_CO_demean_x_log_RAIN_demean,-11.262103928016991
log_NO2_demean_x_wd_SW,-3.567765779240975
log_WSPM_demean_x_station_Wanshouxigong,3.866845815490003
log_WSPM_demean_x_station_Nongzhanguan,0.19281787092253574
log_WSPM_demean_x_wd_NE,0.5635234905335299
log_SO2_demean_x_wd_SSW,4.125988712538979
log_WSPM_demean_x_station_Dongsi,-1.6986843067302035
log_NO2_demean_x_wd_SSE,-2.0896656929416153
log_O3_demean_x_station_Wanshouxigong,0.2453309845343075
log_O3_demean_x_wd_N,0.4357623859385001
log_O3_demean_x_wd_WNW,-0.40998048049188995
log_NO2_demean_x_wd_S,-0.44850603281484996
log_O3_demean_x_station_Dingling,1.559031501861654
log_SO2_demean_x_wd_S,3.6318388443212077
log_O3_demean_x_station_Gucheng,-1.035643618929228
TEMP_demean_x_wd_ENE,0.14116767893464963
log_WSPM_demean_x_wd_ENE,1.1617220372160826
log_NO2_demean_x_wd_SSW,-3.8577536370797962
log_SO2_demean_x_wd_SSE,1.687115707021292
DEWP_demean_x_wd_NW,-0.10040475671556821
log_O3_demean_x_wd_NNW,0.22779788327954625
log_O3_demean_x_station_Guanyuan,-1.106316154746912
log_WSPM_demean_x_station_Tiantan,-2.10409484686108
log_WSPM_demean_x_station_Shunyi,-0.95102643560816
log_O3_demean_x_station_Wanliu,-2.336801224591711
log_O3_demean_x_wd_NNE,0.07367010157124103
log_WSPM_demean_x_wd_NNE,-2.8140967016973946
log_O3_demean_x_station_Tiantan,0.06443812105520114
log_WSPM_demean_x_station_Guanyuan,2.2824966045787742
DEWP_demean_x_wd_WNW,-0.0889860779623704
TEMP_demean_x_wd_NE,0.05257475667618158
log_WSPM_demean_x_station_Changping,-5.300864688209417
TEMP_demean_x_DEWP_demean,-0.008989835693180478
DEWP_demean_x_wd_NNW,0.05431093413216587
log_O3_demean_x_station_Dongsi,3.02425868882454
log_WSPM_demean_x_station_Dingling,-4.596335801254408
log_WSPM_demean_x_station_Wanliu,5.3993947737768835
log_O3_demean_x_wd_W,-1.1735593041660406
log_WSPM_demean_x_station_Gucheng,1.2568530541798648
log_PM10_demean_x_log_WSPM_demean,5.35076795645602
log_O3_demean_x_station_Changping,0.8203850557821843
log_WSPM_demean_x_wd_W,1.5377573355360925
log_WSPM_demean_x_station_Huairou,-4.634826888269744
log_O3_demean_x_station_Shunyi,0.7086614742359779
DEWP_demean_x_wd_N,0.12267027611550264
TEMP_demean_x_station_Nongzhanguan,-0.8038858471740216
TEMP_demean_x_station_Wanshouxigong,-0.29979248741549963
TEMP_demean_x_log_PRES_demean,5.328697019682061
log_O3_demean_x_wd_WSW,-1.071492789221081
DEWP_demean_x_log_RAIN_demean,1.8961868248561886
log_O3_demean_x_station_Huairou,3.0394104729435454
TEMP_demean_x_wd_WSW,0.3119102172211508
log_PRES_demean_x_wd_ENE,135.91755013342876
log_O3_demean_x_wd_ESE,0.6672695569348183
station_Dongsi_x_wd_NW,1.6058837115359823
station_Nongzhanguan_x_wd_NW,3.7844788412355292
station_Tiantan_x_wd_NW,1.7330863217400043
DEWP_demean_x_station_Dongsi,0.10346838861734152
DEWP_demean_x_station_Shunyi,0.28777933658381244
station_Dingling_x_wd_WNW,1.5484605204537034
DEWP_demean_x_station_Dingling,0.22251812703166282
TEMP_demean_x_wd_W,0.4211247260623475
log_PM10_demean_x_log_RAIN_demean,-18.214425183113796
TEMP_demean_x_station_Tiantan,-0.47268665764461393
TEMP_demean_x_station_Wanliu,0.3132332509655901
TEMP_demean_x_station_Gucheng,-0.10192407301994345
log_SO2_demean_x_log_WSPM_demean,-3.865851023142456
TEMP_demean_x_station_Dongsi,-0.5855850078393262
DEWP_demean_x_station_Guanyuan,-0.17017627076713984
DEWP_demean_x_station_Tiantan,-0.047988949403395376
log_WSPM_demean_x_wd_WSW,4.661156089256184
DEWP_demean_x_station_Changping,0.13019133858484644
station_Changping_x_wd_WNW,1.1851508448481303
DEWP_demean_x_wd_NNE,0.16224044706151172
log_O3_demean_x_wd_SW,-2.0312413251989647
TEMP_demean_x_wd_ESE,0.04243880113841734
DEWP_demean_x_station_Huairou,-0.0820638088467317
TEMP_demean_x_station_Guanyuan,0.02694925686794112
log_WSPM_demean_x_wd_SW,1.5442057046692443
station_Nongzhanguan_x_wd_ENE,-0.9819707631491246
log_O3_demean_x_log_WSPM_demean,-4.8833144093231375
log_RAIN_demean_x_log_WSPM_demean,3.296232834449867
station_Nongzhanguan_x_wd_ESE,2.4487568427531294
station_Dongsi_x_wd_ESE,2.3863371110855605
DEWP_demean_x_station_Wanliu,0.001516280114065224
DEWP_demean_x_station_Gucheng,-0.1480250912477531
station_Dingling_x_wd_NW,1.168833987048219
station_Shunyi_x_wd_NW,0.736583018613336
station_Guanyuan_x_wd_NNW,-1.9004390919094343
station_Tiantan_x_wd_ESE,3.3021923692141693
DEWP_demean_x_station_Nongzhanguan,0.20700743746647357
station_Nongzhanguan_x_wd_NNW,1.3474448444917635
station_Tiantan_x_wd_NNW,-0.5777496013693457
log_WSPM_demean_x_wd_ESE,-2.571516004038061
station_Dongsi_x_wd_ENE,0.1301442998331249
log_NO2_demean_x_log_WSPM_demean,-1.663093527194312
TEMP_demean_x_wd_SW,0.6445916595099862
station_Dongsi_x_wd_NNW,2.9084745026752907
station_Dongsi_x_wd_WNW,1.4567862204444975
log_NO2_demean_x_log_RAIN_demean,3.176080594977347
log_PRES_demean_x_wd_NE,87.07725198953904
station_Shunyi_x_wd_WNW,0.9049090479416431
station_Nongzhanguan_x_wd_WNW,1.834310099187597
station_Guanyuan_x_wd_ENE,-2.05289669554024
station_Guanyuan_x_wd_NW,-3.8636175337868126
station_Tiantan_x_wd_WNW,0.6819683906760236
TEMP_demean_x_station_Changping,-0.3616560259663366
TEMP_demean_x_wd_NNE,0.13076182023960847
station_Shunyi_x_wd_SE,2.4964295182855305
station_Dingling_x_wd_NNW,-0.7199570565503932
station_Wanliu_x_wd_NNW,-2.326137255556964
TEMP_demean_x_station_Shunyi,-0.8807299596206728
station_Dingling_x_wd_N,-1.3317237150801724
TEMP_demean_x_station_Dingling,-0.49238913121603245
station_Dingling_x_wd_W,-1.6961961765954507
log_PRES_demean_x_wd_WSW,32.19297041618425
DEWP_demean_x_station_Wanshouxigong,-0.30049673018058104
station_Changping_x_wd_NW,0.5768193376104622
station_Wanliu_x_wd_ENE,-2.686863212430658
station_Wanshouxigong_x_wd_NW,-4.699699943724356
station_Tiantan_x_wd_ENE,-1.6520333922548833
station_Wanliu_x_wd_NE,-2.249005665881746
log_PRES_demean_x_wd_W,120.71718018607694
log_WSPM_demean_x_wd_SE,-3.4876464637263505
DEWP_demean_x_wd_SSE,-0.03972675757337418
DEWP_demean_x_wd_ESE,0.17295185052395423
station_Shunyi_x_wd_SSE,4.284358037464982
log_PRES_demean_x_wd_NNW,179.51071014868057
station_Dingling_x_wd_NNE,-2.822542756542085
station_Guanyuan_x_wd_N,-2.6102915491367806
log_RAIN_demean_x_wd_ENE,-5.695716059680898
log_PRES_demean_x_wd_NW,159.2131842563375
station_Gucheng_x_wd_N,-8.060811535600575
log_CO_demean_x_log_WSPM_demean,0.0018411517987954717
station_Nongzhanguan_x_wd_NE,-1.8694376829716133
DEWP_demean_x_wd_SE,-0.04055794119295256
station_Dongsi_x_wd_SE,4.419526492195095
log_WSPM_demean_x_wd_S,4.254309445377233
log_RAIN_demean_x_wd_ESE,-6.368137898451525
log_RAIN_demean_x_wd_NE,-6.247033284353707
station_Changping_x_wd_ESE,0.6008851039045595
station_Guanyuan_x_wd_NE,-2.2411623988065084
station_Nongzhanguan_x_wd_SE,5.023306342766122
log_PRES_demean_x_station_Nongzhanguan,-112.46327610377521
station_Wanshouxigong_x_wd_WNW,-7.300032221748172
station_Changping_x_wd_W,-2.5872274640861335
station_Changping_x_wd_NNW,-2.6627271527163945
station_Huairou_x_wd_NNE,-3.470448128224607
TEMP_demean_x_wd_N,0.1649855912380608
station_Huairou_x_wd_ENE,-0.04902141482581615
station_Dingling_x_wd_NE,-3.187379150842652
log_PRES_demean_x_station_Dingling,51.46608536189918
station_Huairou_x_wd_NE,-2.9422248053019318
log_O3_demean_x_wd_S,-1.1871161334928948
station_Dongsi_x_wd_NE,-1.1527274558059173
log_WSPM_demean_x_wd_SSW,2.7150131368907804
log_WSPM_demean_x_wd_SSE,-1.4199078302087014
station_Shunyi_x_wd_NNW,1.9665942336122535
DEWP_demean_x_wd_NE,0.15203231677292825
station_Tiantan_x_wd_SE,4.647203648468353
station_Changping_x_wd_N,-4.33229368417231
station_Shunyi_x_wd_ESE,3.0117944481468277
station_Wanshouxigong_x_wd_ESE,1.0884944459281405
station_Dongsi_x_wd_SSE,6.102990073343902
station_Dingling_x_wd_ESE,-0.6718583184882007
TEMP_demean_x_wd_SE,0.4638203017406287
TEMP_demean_x_wd_S,0.44573280551651867
DEWP_demean_x_wd_S,-0.16808102416408063
log_PRES_demean_x_log_RAIN_demean,-52.54468573987026
station_Shunyi_x_wd_S,4.3961356397455855
station_Wanshouxigong_x_wd_W,-7.620140331579294
station_Changping_x_wd_NNE,-4.400687821881625
station_Wanshouxigong_x_wd_NNW,-3.6323294336069374
log_RAIN_demean_x_station_Nongzhanguan,-0.004517592640971694
log_O3_demean_x_wd_SSW,-1.1250282521542954
DEWP_demean_x_wd_SSW,-0.24636214330323003
DEWP_demean_x_wd_W,-0.13631755606361812
station_Huairou_x_wd_NNW,-5.199331274599854
station_Gucheng_x_wd_WNW,-9.631936704154992
station_Guanyuan_x_wd_ESE,1.191671270166195
log_PRES_demean_x_station_Huairou,120.10353073588237
log_O3_demean_x_wd_SE,0.05263319031633556
log_O3_demean_x_log_RAIN_demean,-3.2289277249516473
TEMP_demean_x_wd_SSW,0.6374380552044997
TEMP_demean_x_station_Huairou,-0.5511501961168668
log_RAIN_demean_x_station_Gucheng,2.3871545049335654
log_PRES_demean_x_station_Wanshouxigong,-369.1047935158339
station_Shunyi_x_wd_W,0.4900007575578727
log_RAIN_demean_x_station_Wanshouxigong,1.4457022934456853
log_RAIN_demean_x_station_Dongsi,1.0786116253611628
log_RAIN_demean_x_station_Wanliu,0.24068689587916953
log_RAIN_demean_x_wd_SE,-4.895881655000667
log_PRES_demean_x_wd_ESE,74.41501289536923
log_PRES_demean_x_station_Changping,-62.910658717222006
station_Nongzhanguan_x_wd_SSE,4.449172660797645
station_Changping_x_wd_NE,-7.0738613746821954
station_Tiantan_x_wd_NE,-1.7092498454978395
station_Guanyuan_x_wd_NNE,-2.323202842943557
log_PRES_demean_x_wd_WNW,129.5202401623354
station_Wanliu_x_wd_N,-5.971697359656878
station_Wanshouxigong_x_wd_ENE,-3.206127212004522
station_Tiantan_x_wd_N,-2.4896590981622637
log_RAIN_demean_x_wd_NNE,-7.20854225787871
station_Huairou_x_wd_N,-4.1335652822202125
station_Wanshouxigong_x_wd_SSW,-0.35255002172784794
station_Tiantan_x_wd_SSE,5.461036851111157
log_RAIN_demean_x_station_Tiantan,0.4848055105433105
station_Gucheng_x_wd_SE,2.226060771104943
station_Gucheng_x_wd_SSE,1.3712102653637184
station_Gucheng_x_wd_S,0.5326265950258839
station_Wanliu_x_wd_S,1.9965935606527576
station_Gucheng_x_wd_ESE,1.403470865994086
station_Huairou_x_wd_NW,-4.755644691266791
station_Gucheng_x_wd_NNW,-8.399819108248654
station_Wanliu_x_wd_W,2.024642513539597
station_Wanshouxigong_x_wd_S,-0.6620934598930079
station_Gucheng_x_wd_NNE,-4.137758302254129
station_Wanliu_x_wd_NW,-2.391660970008052
station_Wanshouxigong_x_wd_SE,2.055734573812967
log_RAIN_demean_x_station_Guanyuan,5.163960599675756
log_PRES_demean_x_wd_SW,-22.50162778149604
log_RAIN_demean_x_station_Changping,-1.2160571186265443
DEWP_demean_x_wd_SW,-0.2840010462991865
log_O3_demean_x_wd_SSE,-0.9558865154404369
station_Wanliu_x_wd_NNE,-2.0231176033789935
log_RAIN_demean_x_station_Dingling,-4.365140643545589
station_Wanliu_x_wd_SSW,1.5902705048566514
log_RAIN_demean_x_station_Huairou,0.23362252839667155
station_Nongzhanguan_x_wd_N,-0.01873800899630758
TEMP_demean_x_log_RAIN_demean,-1.1894474368101184
station_Huairou_x_wd_W,-7.648956612181285
station_Gucheng_x_wd_NW,-7.402418535345137
log_SO2_demean_x_log_RAIN_demean,3.7530599900938753
station_Guanyuan_x_wd_SE,1.527297191143216
log_RAIN_demean_x_wd_WSW,-10.704993162532022
TEMP_demean_x_wd_SSE,0.4350697575233702
station_Dongsi_x_wd_N,-0.08142427296876231
station_Wanshouxigong_x_wd_SSE,2.652714954979268
station_Dongsi_x_wd_S,3.5233325796027075
log_RAIN_demean_x_wd_SSE,-3.9997874203201875
log_RAIN_demean_x_station_Shunyi,1.6528084048789988
station_Wanshouxigong_x_wd_WSW,-8.8336387863875
log_PRES_demean_x_station_Wanliu,67.85609315668945
station_Guanyuan_x_wd_WNW,-0.9913066173045735
station_Wanshouxigong_x_wd_N,-5.633594233968568
log_RAIN_demean_x_wd_S,-3.178164791755328
station_Guanyuan_x_wd_SSE,2.3655362631982686
station_Changping_x_wd_SE,4.683737958398533
log_PRES_demean_x_station_Gucheng,104.58243677565024
station_Wanliu_x_wd_WNW,3.2498381991910996
TEMP_demean_x_wd_NW,0.36185176711967676
station_Dingling_x_wd_WSW,-7.485511894140399
station_Shunyi_x_wd_WSW,0.5752153501175568
log_RAIN_demean_x_wd_N,-7.669096516908007
station_Wanshouxigong_x_wd_NNE,-3.304291215112193
station_Guanyuan_x_wd_S,2.706010869335231
station_Dingling_x_wd_SW,-7.0260797423529295
station_Nongzhanguan_x_wd_S,3.323108370342605
log_RAIN_demean_x_wd_W,-4.663025315799887
station_Shunyi_x_wd_ENE,-0.9744250435652677
log_PRES_demean_x_station_Tiantan,-114.54873406841362
station_Shunyi_x_wd_NE,-3.5912762597794243
log_PRES_demean_x_wd_N,139.20737326309384
station_Dingling_x_wd_SE,2.087047697935865
station_Guanyuan_x_wd_SSW,2.6336196319475422
station_Dongsi_x_wd_SSW,3.202350483091439
station_Dingling_x_wd_S,-0.46917185116475535
log_RAIN_demean_x_wd_SW,-1.084054147135011
log_RAIN_demean_x_wd_SSW,-2.284113302939359
station_Gucheng_x_wd_SSW,0.2555768330514255
station_Tiantan_x_wd_WSW,0.1146217320506587
log_PRES_demean_x_wd_SSW,44.3254650311218
station_Tiantan_x_wd_S,4.429117838436899
log_PRES_demean_x_wd_S,-264.4257943324476
station_Tiantan_x_wd_W,2.3055148614216385
log_PRES_demean_x_station_Dongsi,-274.2105594764964
log_PRES_demean_x_wd_SE,189.7239593877511
station_Changping_x_wd_SSE,4.456569805895994
station_Nongzhanguan_x_wd_W,2.657217442770582
station_Nongzhanguan_x_wd_WSW,-1.069305133131943
log_PRES_demean_x_wd_SSE,170.70770221645273
station_Dingling_x_wd_SSW,-1.415040411856711
station_Wanliu_x_wd_SE,1.3960510968817292
station_Gucheng_x_wd_WSW,-6.57865493842884
station_Wanliu_x_wd_SSE,0.259381294462471
log_PRES_demean_x_station_Guanyuan,158.92371551493042
station_Tiantan_x_wd_NNE,0.3940608683217528
station_Tiantan_x_wd_SW,2.8781358818404197
station_Changping_x_wd_WSW,-7.588629319883252
station_Wanliu_x_wd_ESE,4.6190286773715705
station_Dongsi_x_wd_W,3.269424236135003
station_Huairou_x_wd_WNW,-4.42687230901052
TEMP_demean_x_wd_NNW,0.17126446031062328
station_Shunyi_x_wd_SW,1.7611151983293905
DEWP_demean_x_wd_WSW,-0.14247228036578505
station_Wanliu_x_wd_SW,-2.2734825990333674
station_Wanshouxigong_x_wd_SW,-5.25718910030339
station_Huairou_x_wd_SSW,2.7953399616080232
station_Gucheng_x_wd_SW,-3.3088940864471743
station_Huairou_x_wd_ESE,2.47528938381193
station_Nongzhanguan_x_wd_SW,0.8389854023955801
station_Changping_x_wd_ENE,-3.1113630317274708
station_Wanliu_x_wd_WSW,-1.5366809086760909
station_Dongsi_x_wd_NNE,3.3333644755368397
station_Nongzhanguan_x_wd_SSW,3.241831756076208
station_Gucheng_x_wd_NE,-3.221259033438002
station_Shunyi_x_wd_N,-2.838363174013916
log_PRES_demean_x_wd_NNE,230.57709740326266
station_Shunyi_x_wd_SSW,3.2458371221210807
station_Dongsi_x_wd_WSW,-0.02719317607926072
station_Tiantan_x_wd_SSW,5.265538048482463
station_Huairou_x_wd_SSE,4.069149610417823
station_Nongzhanguan_x_wd_NNE,1.1789965784604464
station_Huairou_x_wd_SE,4.408984201950003
station_Huairou_x_wd_WSW,-5.167165316770638
log_PRES_demean_x_station_Shunyi,-86.33317675080815
log_RAIN_demean_x_wd_NNW,-6.873066994639142
log_RAIN_demean_x_wd_WNW,-7.105346205924192
station_Dingling_x_wd_SSE,3.121881087791774
DEWP_demean_x_wd_ENE,0.05985697204679767
TEMP_demean_x_wd_WNW,0.3798213756650798
station_Dingling_x_wd_ENE,-1.7712976649215237
station_Gucheng_x_wd_W,-7.5681713275857625
station_Changping_x_wd_S,0.0444512899840187
station_Changping_x_wd_SW,-5.198260925587389
station_Huairou_x_wd_S,4.530851105659468
station_Dongsi_x_wd_SW,0.44855386682513476
station_Guanyuan_x_wd_WSW,-0.7327107196541581
log_RAIN_demean_x_wd_NW,-6.191698583037695
station_Changping_x_wd_SSW,0.18112725266575375
station_Huairou_x_wd_SW,-1.8071801712315807
station_Guanyuan_x_wd_W,0.5706411798740012
station_Guanyuan_x_wd_SW,0.9886329485138906
station_Wanshouxigong_x_wd_NE,-3.432061204629475
station_Shunyi_x_wd_NNE,-0.2606806446785412
station_Gucheng_x_wd_ENE,-3.3143334074193582
