,gain_importance
log_PM10_demean,0.22178853
log_PM10_demean_x_log_RAIN_demean,0.14507796
log_PM10_demean_x_log_CO_demean,0.073339455
log_RAIN_demean,0.06927618
log_CO_demean,0.05677097
log_CO_demean_x_log_RAIN_demean,0.029398099
station_Gucheng,0.016261738
log_PM10_demean_x_log_NO2_demean,0.014327723
log_WSPM_demean,0.009611863
log_PM10_demean_x_station_Dingling,0.007556209
log_CO_demean_x_station_Dingling,0.0061222175
DEWP_demean_x_log_RAIN_demean,0.0055574183
month,0.005555888
log_PM10_demean_x_TEMP_demean,0.0051827366
log_WSPM_demean_x_station_Dingling,0.00493289
station_Wanshouxigong,0.0046651247
log_CO_demean_x_DEWP_demean,0.0044970606
log_RAIN_demean_x_log_WSPM_demean,0.0044561317
log_RAIN_demean_x_station_Gucheng,0.0043943957
log_SO2_demean_x_station_Nongzhanguan,0.0039252113
log_PM10_demean_x_log_WSPM_demean,0.003882193
TEMP_demean_x_station_Gucheng,0.0037582638
DEWP_demean,0.003714722
station_Dingling,0.0036439407
DEWP_demean_x_station_Wanshouxigong,0.003486112
log_PRES_demean_x_station_Gucheng,0.0033843978
log_RAIN_demean_x_station_Wanshouxigong,0.0033408154
log_NO2_demean,0.0032851526
log_CO_demean_x_log_O3_demean,0.0032335394
log_PM10_demean_x_DEWP_demean,0.0031350427
log_NO2_demean_x_TEMP_demean,0.0031075415
TEMP_demean,0.0029210565
log_PM10_demean_x_station_Wanshouxigong,0.00287993
log_SO2_demean_x_TEMP_demean,0.002865498
DEWP_demean_x_station_Wanliu,0.0028537605
log_CO_demean_x_station_Wanshouxigong,0.0028320053
log_WSPM_demean_x_station_Nongzhanguan,0.0027872485
log_PRES_demean_x_station_Wanshouxigong,0.0027675694
log_RAIN_demean_x_station_Huairou,0.0027499185
log_SO2_demean_x_station_Dongsi,0.0026649293
log_NO2_demean_x_station_Gucheng,0.0026563231
log_RAIN_demean_x_station_Dingling,0.002628352
log_CO_demean_x_TEMP_demean,0.0026184858
station_Huairou,0.0025305892
day,0.0024136556
log_PM10_demean_x_station_Changping,0.0023321453
log_PM10_demean_x_log_SO2_demean,0.0023121554
log_NO2_demean_x_log_O3_demean,0.0023119075
log_SO2_demean_x_log_CO_demean,0.0022574118
year,0.0022375416
TEMP_demean_x_log_RAIN_demean,0.0021678074
log_NO2_demean_x_log_CO_demean,0.0021479744
log_SO2_demean,0.0020593377
log_NO2_demean_x_station_Dongsi,0.0020519884
DEWP_demean_x_station_Changping,0.0020519858
log_CO_demean_x_wd_NNW,0.002029537
log_CO_demean_x_station_Gucheng,0.0020160265
log_CO_demean_x_log_WSPM_demean,0.0020001864
DEWP_demean_x_log_WSPM_demean,0.0019775142
hour,0.0019579933
log_PM10_demean_x_station_Shunyi,0.001956511
log_O3_demean_x_log_RAIN_demean,0.0019473376
log_PM10_demean_x_station_Gucheng,0.0019320024
wd_SW,0.0018380189
station_Shunyi,0.0018241804
log_NO2_demean_x_station_Dingling,0.0018085411
log_O3_demean_x_DEWP_demean,0.0017919303
log_PRES_demean_x_station_Huairou,0.0017916551
log_CO_demean_x_log_PRES_demean,0.0017814236
TEMP_demean_x_station_Wanshouxigong,0.0017789715
log_NO2_demean_x_log_RAIN_demean,0.0017546625
TEMP_demean_x_wd_WSW,0.0017285574
log_O3_demean_x_station_Shunyi,0.0017026137
log_O3_demean_x_station_Dongsi,0.0016647779
station_Wanliu,0.0016470152
DEWP_demean_x_station_Dingling,0.001583302
log_NO2_demean_x_log_PRES_demean,0.0015444256
TEMP_demean_x_station_Dongsi,0.0015410129
DEWP_demean_x_wd_ESE,0.00153327
log_CO_demean_x_station_Wanliu,0.0015253797
TEMP_demean_x_station_Nongzhanguan,0.0015041273
DEWP_demean_x_station_Huairou,0.001488425
log_RAIN_demean_x_station_Guanyuan,0.0014709897
log_PRES_demean_x_station_Tiantan,0.0014673444
log_NO2_demean_x_DEWP_demean,0.0014359809
log_SO2_demean_x_station_Wanliu,0.0014155902
log_PRES_demean_x_station_Guanyuan,0.0014064716
log_O3_demean_x_station_Wanshouxigong,0.0013998139
DEWP_demean_x_wd_SSW,0.0013951528
log_O3_demean_x_station_Wanliu,0.001382436
TEMP_demean_x_DEWP_demean,0.0013821471
log_PRES_demean_x_station_Dongsi,0.0013817099
log_PM10_demean_x_station_Dongsi,0.0013645578
log_SO2_demean_x_log_RAIN_demean,0.001364138
log_PRES_demean_x_DEWP_demean,0.0013423474
log_PM10_demean_x_log_PRES_demean,0.0013367571
log_O3_demean_x_log_PRES_demean,0.0013349548
log_PRES_demean_x_wd_WSW,0.0013190429
TEMP_demean_x_station_Tiantan,0.0013157554
log_PM10_demean_x_station_Huairou,0.0012617619
log_CO_demean_x_wd_NW,0.0012539626
log_PRES_demean,0.0012451371
log_NO2_demean_x_station_Nongzhanguan,0.0012358201
log_O3_demean,0.0012354915
log_NO2_demean_x_station_Shunyi,0.0012158816
log_CO_demean_x_wd_NE,0.0012098899
log_O3_demean_x_wd_ESE,0.0012062627
wd_S,0.0012008699
log_WSPM_demean_x_station_Huairou,0.0011993116
log_NO2_demean_x_wd_WNW,0.0011963168
log_NO2_demean_x_station_Wanshouxigong,0.0011929051
log_CO_demean_x_wd_WNW,0.0011922314
log_SO2_demean_x_station_Dingling,0.0011652329
log_NO2_demean_x_wd_WSW,0.001156827
log_PRES_demean_x_station_Wanliu,0.0011549048
TEMP_demean_x_station_Huairou,0.001138731
log_WSPM_demean_x_wd_NW,0.0011365296
log_RAIN_demean_x_wd_S,0.0011170994
log_SO2_demean_x_station_Wanshouxigong,0.0011129539
TEMP_demean_x_station_Wanliu,0.001109188
DEWP_demean_x_station_Dongsi,0.001107039
log_WSPM_demean_x_wd_N,0.0011024274
station_Dongsi,0.0010995808
log_PRES_demean_x_wd_N,0.0010744384
TEMP_demean_x_station_Shunyi,0.0010639016
log_PM10_demean_x_wd_SSW,0.0010618625
log_WSPM_demean_x_wd_NNE,0.0010530407
log_CO_demean_x_station_Dongsi,0.0010459973
log_WSPM_demean_x_wd_NNW,0.0010194347
log_CO_demean_x_station_Huairou,0.0010135388
log_O3_demean_x_wd_WNW,0.0009923372
log_NO2_demean_x_station_Wanliu,0.0009826461
log_PM10_demean_x_log_O3_demean,0.0009804178
log_PRES_demean_x_station_Nongzhanguan,0.0009750278
log_SO2_demean_x_log_PRES_demean,0.00096942193
log_PRES_demean_x_log_RAIN_demean,0.00096881704
log_CO_demean_x_station_Nongzhanguan,0.0009191193
log_NO2_demean_x_station_Tiantan,0.0009151932
log_SO2_demean_x_DEWP_demean,0.00090997556
log_O3_demean_x_station_Huairou,0.0009004114
log_RAIN_demean_x_wd_SSW,0.0008881575
log_O3_demean_x_station_Dingling,0.0008867253
log_O3_demean_x_wd_NNE,0.0008799701
DEWP_demean_x_station_Shunyi,0.0008766511
station_Tiantan,0.00086827006
log_PM10_demean_x_wd_S,0.0008566946
log_SO2_demean_x_log_NO2_demean,0.0008527382
log_WSPM_demean_x_wd_W,0.0008526173
TEMP_demean_x_wd_SW,0.00084660493
wd_SSE,0.00084629905
DEWP_demean_x_station_Nongzhanguan,0.0008448586
station_Changping,0.0008318936
log_WSPM_demean_x_station_Changping,0.0008168865
log_NO2_demean_x_station_Changping,0.0008144103
log_WSPM_demean_x_wd_ESE,0.00081407215
TEMP_demean_x_log_WSPM_demean,0.000808888
log_O3_demean_x_TEMP_demean,0.00080277195
log_O3_demean_x_station_Changping,0.00080215506
TEMP_demean_x_station_Dingling,0.0008008316
log_SO2_demean_x_wd_SSW,0.0007991342
TEMP_demean_x_log_PRES_demean,0.0007985392
log_RAIN_demean_x_wd_SW,0.00079431257
log_SO2_demean_x_log_O3_demean,0.0007916181
log_PRES_demean_x_wd_W,0.0007855907
log_SO2_demean_x_station_Gucheng,0.00078476215
log_PM10_demean_x_station_Wanliu,0.0007666272
log_PRES_demean_x_wd_ESE,0.0007662205
log_NO2_demean_x_wd_ENE,0.00076491
log_O3_demean_x_station_Gucheng,0.00075933285
log_PM10_demean_x_wd_ESE,0.0007588353
log_NO2_demean_x_station_Guanyuan,0.00075718295
log_PRES_demean_x_wd_NW,0.0007568952
log_PM10_demean_x_station_Nongzhanguan,0.0007510531
log_SO2_demean_x_station_Changping,0.0007493592
log_SO2_demean_x_wd_SSE,0.00074641284
log_WSPM_demean_x_wd_NE,0.000745735
log_SO2_demean_x_station_Huairou,0.0007450352
log_RAIN_demean_x_station_Changping,0.0007391908
log_CO_demean_x_wd_NNE,0.00073802937
log_O3_demean_x_wd_SW,0.0007312252
TEMP_demean_x_wd_NE,0.00072473695
log_O3_demean_x_station_Tiantan,0.00072206
log_RAIN_demean_x_wd_SSE,0.00071323663
log_WSPM_demean_x_station_Wanshouxigong,0.0007068305
log_SO2_demean_x_wd_SW,0.0007056233
log_NO2_demean_x_wd_W,0.00069975137
log_PRES_demean_x_log_WSPM_demean,0.00069957535
station_Nongzhanguan_x_wd_ENE,0.0006985197
log_RAIN_demean_x_wd_N,0.0006969634
TEMP_demean_x_station_Changping,0.00069136865
wd_SSW,0.00068941683
log_SO2_demean_x_wd_WNW,0.0006850948
log_PM10_demean_x_station_Guanyuan,0.0006797136
log_PRES_demean_x_station_Shunyi,0.0006793292
log_PM10_demean_x_station_Tiantan,0.00067450694
DEWP_demean_x_station_Gucheng,0.00067170645
log_NO2_demean_x_log_WSPM_demean,0.0006711624
log_WSPM_demean_x_wd_SW,0.00066200277
log_CO_demean_x_station_Tiantan,0.00065977033
log_CO_demean_x_station_Shunyi,0.0006579744
log_PM10_demean_x_wd_N,0.000656971
log_CO_demean_x_wd_W,0.0006569602
log_WSPM_demean_x_station_Wanliu,0.000645875
DEWP_demean_x_wd_W,0.00064440095
log_CO_demean_x_station_Guanyuan,0.00063964434
TEMP_demean_x_wd_SSW,0.00063871144
log_PM10_demean_x_wd_NW,0.0006376432
log_RAIN_demean_x_wd_W,0.0006370555
log_RAIN_demean_x_wd_NE,0.00063055125
log_PM10_demean_x_wd_NNE,0.000627614
log_PRES_demean_x_wd_NE,0.00062705856
log_WSPM_demean_x_wd_S,0.00062608026
TEMP_demean_x_wd_ESE,0.0006251964
log_CO_demean_x_wd_SSW,0.0006149251
DEWP_demean_x_wd_WNW,0.0006125002
log_SO2_demean_x_wd_ESE,0.00060339924
log_CO_demean_x_wd_S,0.00060242054
log_PM10_demean_x_wd_NNW,0.0005845399
log_O3_demean_x_wd_N,0.00057772687
DEWP_demean_x_wd_S,0.00057681964
log_O3_demean_x_wd_SE,0.0005757016
log_WSPM_demean_x_station_Shunyi,0.00057397276
DEWP_demean_x_wd_SE,0.00056998397
log_SO2_demean_x_wd_W,0.00056632055
log_CO_demean_x_station_Changping,0.0005632242
log_WSPM_demean_x_wd_SE,0.0005623407
log_PM10_demean_x_wd_WNW,0.0005591188
log_O3_demean_x_station_Guanyuan,0.00054903177
log_PM10_demean_x_wd_W,0.00054829865
log_WSPM_demean_x_station_Dongsi,0.0005482151
log_WSPM_demean_x_station_Gucheng,0.0005472498
TEMP_demean_x_wd_NNE,0.0005393882
DEWP_demean_x_wd_N,0.0005343867
TEMP_demean_x_wd_WNW,0.0005310085
TEMP_demean_x_wd_W,0.00052976556
log_PM10_demean_x_wd_NE,0.0005291972
log_SO2_demean_x_station_Shunyi,0.0005203661
log_O3_demean_x_station_Nongzhanguan,0.0005196519
TEMP_demean_x_wd_ENE,0.00051804906
DEWP_demean_x_wd_NNE,0.00051458745
log_O3_demean_x_log_WSPM_demean,0.00051303755
log_NO2_demean_x_wd_ESE,0.0005110205
log_PM10_demean_x_wd_SE,0.0005045
log_WSPM_demean_x_wd_WSW,0.0005034412
log_CO_demean_x_wd_SW,0.000491533
log_PM10_demean_x_wd_WSW,0.0004903673
log_RAIN_demean_x_wd_NNW,0.00048392033
log_CO_demean_x_wd_SE,0.00047189556
log_CO_demean_x_wd_ESE,0.00046705158
log_CO_demean_x_wd_ENE,0.00046400478
log_NO2_demean_x_station_Huairou,0.00046393924
log_O3_demean_x_wd_W,0.00045919206
log_PRES_demean_x_station_Changping,0.00045772732
log_SO2_demean_x_wd_NE,0.0004539755
log_CO_demean_x_wd_WSW,0.00044613413
log_PM10_demean_x_wd_ENE,0.0004452591
log_PRES_demean_x_wd_ENE,0.00044108715
wd_NNW,0.00043811978
log_CO_demean_x_wd_N,0.000438116
log_SO2_demean_x_wd_N,0.0004302781
wd_ESE,0.00042990336
station_Nongzhanguan,0.00042964614
log_NO2_demean_x_wd_N,0.0004292709
DEWP_demean_x_wd_SW,0.00042750058
DEWP_demean_x_wd_NW,0.00042564466
log_PM10_demean_x_wd_SW,0.00042389554
log_SO2_demean_x_log_WSPM_demean,0.0004151141
log_O3_demean_x_wd_NE,0.00039556087
log_WSPM_demean_x_wd_WNW,0.0003952161
log_NO2_demean_x_wd_SW,0.0003882607
TEMP_demean_x_wd_SE,0.00037746297
log_PRES_demean_x_station_Dingling,0.00037412505
log_SO2_demean_x_wd_NNW,0.00036180503
log_CO_demean_x_wd_SSE,0.00036155293
station_Dingling_x_wd_SSW,0.00036049378
log_PM10_demean_x_wd_SSE,0.00035148364
log_O3_demean_x_wd_NNW,0.00034719703
DEWP_demean_x_wd_NE,0.00033938768
log_NO2_demean_x_wd_NE,0.000332274
log_NO2_demean_x_wd_SE,0.00032258133
station_Nongzhanguan_x_wd_W,0.00031651364
log_WSPM_demean_x_station_Guanyuan,0.00031267063
TEMP_demean_x_wd_N,0.00030732795
log_NO2_demean_x_wd_NW,0.0003037201
log_SO2_demean_x_wd_NW,0.00030271334
log_SO2_demean_x_wd_S,0.00030158806
log_NO2_demean_x_wd_SSE,0.00029787762
DEWP_demean_x_wd_SSE,0.0002969398
log_WSPM_demean_x_wd_ENE,0.0002901144
wd_N,0.00027884805
log_PRES_demean_x_wd_SW,0.000266773
DEWP_demean_x_station_Tiantan,0.00026020626
log_O3_demean_x_wd_SSW,0.00025466993
log_PRES_demean_x_wd_SSE,0.00024982388
log_WSPM_demean_x_wd_SSE,0.00024890853
log_O3_demean_x_wd_SSE,0.0002464165
log_PRES_demean_x_wd_S,0.00022620453
log_O3_demean_x_wd_ENE,0.00020687096
log_SO2_demean_x_wd_ENE,0.00020544374
log_PRES_demean_x_wd_SSW,0.0002013207
log_SO2_demean_x_wd_WSW,0.0001994998
DEWP_demean_x_wd_NNW,0.00019721611
DEWP_demean_x_station_Guanyuan,0.00018032108
log_RAIN_demean_x_station_Shunyi,0.00017177568
TEMP_demean_x_wd_SSE,0.00016238939
log_SO2_demean_x_station_Tiantan,0.00014661274
log_NO2_demean_x_wd_SSW,0.0001238775
log_SO2_demean_x_station_Guanyuan,8.1358005e-05
log_WSPM_demean_x_wd_SSW,5.3534135e-05
log_RAIN_demean_x_wd_ENE,4.3075946e-05
station_Wanshouxigong_x_wd_SE,0.0
station_Wanliu_x_wd_NNW,0.0
station_Wanliu_x_wd_NW,0.0
station_Wanliu_x_wd_S,0.0
station_Wanliu_x_wd_NNE,0.0
station_Wanshouxigong_x_wd_S,0.0
station_Wanshouxigong_x_wd_NW,0.0
station_Wanshouxigong_x_wd_NNW,0.0
TEMP_demean_x_wd_NNW,0.0
DEWP_demean_x_wd_ENE,0.0
log_PRES_demean_x_wd_NNE,0.0
log_PRES_demean_x_wd_NNW,0.0
log_SO2_demean_x_wd_SE,0.0
log_PRES_demean_x_wd_SE,0.0
log_PRES_demean_x_wd_WNW,0.0
log_SO2_demean_x_wd_NNE,0.0
station_Wanshouxigong_x_wd_SSE,0.0
station_Wanshouxigong_x_wd_SSW,0.0
station_Wanshouxigong_x_wd_SW,0.0
station_Wanshouxigong_x_wd_W,0.0
station_Wanliu_x_wd_SE,0.0
station_Wanliu_x_wd_SSE,0.0
station_Wanliu_x_wd_SSW,0.0
station_Wanliu_x_wd_SW,0.0
station_Wanliu_x_wd_W,0.0
station_Wanliu_x_wd_WNW,0.0
station_Wanliu_x_wd_WSW,0.0
station_Wanshouxigong_x_wd_ENE,0.0
station_Tiantan_x_wd_SW,0.0
station_Wanshouxigong_x_wd_WSW,0.0
station_Wanliu_x_wd_N,0.0
station_Tiantan_x_wd_WSW,0.0
station_Wanshouxigong_x_wd_ESE,0.0
station_Wanshouxigong_x_wd_N,0.0
station_Wanshouxigong_x_wd_NE,0.0
station_Wanshouxigong_x_wd_NNE,0.0
wd_W,0.0
wd_SE,0.0
TEMP_demean_x_wd_S,0.0
TEMP_demean_x_wd_NW,0.0
log_NO2_demean_x_wd_S,0.0
log_NO2_demean_x_wd_NNW,0.0
log_NO2_demean_x_wd_NNE,0.0
wd_WNW,0.0
log_RAIN_demean_x_wd_ESE,0.0
log_RAIN_demean_x_wd_NNE,0.0
log_RAIN_demean_x_wd_NW,0.0
log_RAIN_demean_x_wd_SE,0.0
wd_WSW,0.0
DEWP_demean_x_wd_WSW,0.0
log_RAIN_demean_x_station_Dongsi,0.0
log_RAIN_demean_x_station_Nongzhanguan,0.0
log_RAIN_demean_x_station_Tiantan,0.0
log_RAIN_demean_x_station_Wanliu,0.0
station_Guanyuan,0.0
log_WSPM_demean_x_station_Tiantan,0.0
log_O3_demean_x_wd_S,0.0
log_O3_demean_x_wd_NW,0.0
wd_ENE,0.0
TEMP_demean_x_station_Guanyuan,0.0
log_RAIN_demean_x_wd_WSW,0.0
log_RAIN_demean_x_wd_WNW,0.0
log_O3_demean_x_wd_WSW,0.0
wd_NE,0.0
wd_NW,0.0
wd_NNE,0.0
station_Changping_x_wd_ENE,0.0
station_Changping_x_wd_ESE,0.0
station_Changping_x_wd_N,0.0
station_Shunyi_x_wd_W,0.0
station_Wanliu_x_wd_ENE,0.0
station_Wanliu_x_wd_NE,0.0
station_Changping_x_wd_NNW,0.0
station_Changping_x_wd_NNE,0.0
station_Changping_x_wd_NE,0.0
station_Changping_x_wd_NW,0.0
station_Changping_x_wd_SSW,0.0
station_Changping_x_wd_SW,0.0
station_Changping_x_wd_SE,0.0
station_Changping_x_wd_S,0.0
station_Changping_x_wd_WSW,0.0
station_Dingling_x_wd_ENE,0.0
station_Dingling_x_wd_ESE,0.0
station_Dingling_x_wd_N,0.0
station_Dingling_x_wd_NE,0.0
station_Dingling_x_wd_NNE,0.0
station_Changping_x_wd_W,0.0
station_Changping_x_wd_SSE,0.0
station_Dingling_x_wd_NW,0.0
station_Dingling_x_wd_S,0.0
station_Dingling_x_wd_SE,0.0
station_Dingling_x_wd_SSE,0.0
station_Dingling_x_wd_SW,0.0
station_Dingling_x_wd_W,0.0
station_Dingling_x_wd_WNW,0.0
station_Dingling_x_wd_WSW,0.0
station_Dongsi_x_wd_ENE,0.0
station_Dongsi_x_wd_ESE,0.0
station_Dongsi_x_wd_N,0.0
station_Dongsi_x_wd_NE,0.0
station_Dongsi_x_wd_NNE,0.0
station_Dongsi_x_wd_NNW,0.0
station_Dingling_x_wd_NNW,0.0
station_Changping_x_wd_WNW,0.0
station_Dongsi_x_wd_SE,0.0
station_Dongsi_x_wd_SSE,0.0
station_Dongsi_x_wd_SSW,0.0
station_Dongsi_x_wd_SW,0.0
station_Dongsi_x_wd_W,0.0
station_Dongsi_x_wd_WNW,0.0
station_Dongsi_x_wd_WSW,0.0
station_Guanyuan_x_wd_ENE,0.0
station_Guanyuan_x_wd_ESE,0.0
station_Guanyuan_x_wd_N,0.0
station_Guanyuan_x_wd_NE,0.0
station_Guanyuan_x_wd_NNE,0.0
station_Guanyuan_x_wd_NNW,0.0
station_Guanyuan_x_wd_NW,0.0
station_Guanyuan_x_wd_S,0.0
station_Guanyuan_x_wd_SE,0.0
station_Guanyuan_x_wd_SSE,0.0
station_Guanyuan_x_wd_SSW,0.0
station_Guanyuan_x_wd_SW,0.0
station_Guanyuan_x_wd_W,0.0
station_Guanyuan_x_wd_WNW,0.0
station_Guanyuan_x_wd_WSW,0.0
station_Gucheng_x_wd_ENE,0.0
station_Gucheng_x_wd_ESE,0.0
station_Gucheng_x_wd_N,0.0
station_Gucheng_x_wd_NE,0.0
station_Gucheng_x_wd_NNE,0.0
station_Gucheng_x_wd_NNW,0.0
station_Gucheng_x_wd_NW,0.0
station_Gucheng_x_wd_S,0.0
station_Dongsi_x_wd_NW,0.0
station_Dongsi_x_wd_S,0.0
station_Gucheng_x_wd_SSE,0.0
station_Gucheng_x_wd_SE,0.0
station_Gucheng_x_wd_W,0.0
station_Gucheng_x_wd_SSW,0.0
station_Gucheng_x_wd_WSW,0.0
station_Huairou_x_wd_ENE,0.0
station_Huairou_x_wd_ESE,0.0
station_Gucheng_x_wd_SW,0.0
station_Huairou_x_wd_N,0.0
station_Huairou_x_wd_NE,0.0
station_Huairou_x_wd_NNW,0.0
station_Huairou_x_wd_NNE,0.0
station_Huairou_x_wd_NW,0.0
station_Huairou_x_wd_S,0.0
station_Tiantan_x_wd_W,0.0
station_Gucheng_x_wd_WNW,0.0
station_Huairou_x_wd_SSE,0.0
station_Huairou_x_wd_SSW,0.0
station_Huairou_x_wd_SW,0.0
station_Huairou_x_wd_W,0.0
station_Huairou_x_wd_WNW,0.0
station_Huairou_x_wd_WSW,0.0
station_Nongzhanguan_x_wd_ESE,0.0
station_Nongzhanguan_x_wd_N,0.0
station_Nongzhanguan_x_wd_NE,0.0
station_Nongzhanguan_x_wd_NNE,0.0
station_Nongzhanguan_x_wd_NNW,0.0
station_Nongzhanguan_x_wd_NW,0.0
station_Nongzhanguan_x_wd_S,0.0
station_Nongzhanguan_x_wd_SE,0.0
station_Nongzhanguan_x_wd_SSE,0.0
station_Huairou_x_wd_SE,0.0
station_Nongzhanguan_x_wd_SSW,0.0
station_Nongzhanguan_x_wd_SW,0.0
station_Nongzhanguan_x_wd_WNW,0.0
station_Nongzhanguan_x_wd_WSW,0.0
station_Shunyi_x_wd_ENE,0.0
station_Shunyi_x_wd_ESE,0.0
station_Shunyi_x_wd_N,0.0
station_Shunyi_x_wd_NE,0.0
station_Shunyi_x_wd_NNE,0.0
station_Shunyi_x_wd_NNW,0.0
station_Shunyi_x_wd_NW,0.0
station_Shunyi_x_wd_S,0.0
station_Shunyi_x_wd_SE,0.0
station_Shunyi_x_wd_SSE,0.0
station_Shunyi_x_wd_SSW,0.0
station_Shunyi_x_wd_SW,0.0
station_Tiantan_x_wd_WNW,0.0
station_Shunyi_x_wd_WNW,0.0
station_Shunyi_x_wd_WSW,0.0
station_Tiantan_x_wd_ENE,0.0
station_Tiantan_x_wd_ESE,0.0
station_Tiantan_x_wd_N,0.0
station_Tiantan_x_wd_NE,0.0
station_Tiantan_x_wd_NNE,0.0
station_Tiantan_x_wd_NNW,0.0
station_Tiantan_x_wd_NW,0.0
station_Tiantan_x_wd_S,0.0
station_Tiantan_x_wd_SE,0.0
station_Tiantan_x_wd_SSE,0.0
station_Tiantan_x_wd_SSW,0.0
station_Wanshouxigong_x_wd_WNW,0.0
station_Wanliu_x_wd_ESE,0.0
