,0
raw_PM10,4422592423.017822
PM10_i_o0,3198406440.7319336
PM10_i_o-1,1256368648.2817383
PM10_i_rm6,961819237.9545898
net_PM10_i,758740280.6828613
net_CO_i,712451917.8666992
CO_i_o0,350602951.08203125
CO_i_rmin12,226601090.75341797
CO_i_o-1,153841557.80859375
PM10_i_o1,147209847.0859375
st_CO_i_Changping,104379654.3815918
raw_CO,97830248.99853516
st_CO_i_Nongzhanguan,87030773.55102539
PM10_i_o-2,85533860.77172852
st_PM10_i_Guanyuan,83901123.81176758
st_CO_i_Dingling,67188502.01123047
CO_i_rm6,64407046.9934082
WSPM_i_rs48,59509917.07080078
st_CO_i_Huairou,58218235.09375
dewp_depress_net,50543291.43310547
net_CO_min,48569351.17675781
doy_cos,46907128.283447266
net_CO_max,46761054.87988281
net_PM10_rm12,45146891.5324707
doy_sin,42637952.31762695
month,35395564.46875
st_PM10_i_Dongsi,34464947.62988281
net_PM10_min,33765060.01977539
station,33316610.10961914
DEWP_i_rs48,31750873.899169922
TEMP_i_rs48,31640040.111328125
net_PM10_rm24,31305900.92211914
dewp_depress,29286053.358642578
rh_proxy,27355159.675048828
PM10_i_rmin12,26915146.52319336
PM10_over_CO,26550006.798095703
DEWP_i_rmin12,24802498.69165039
CO_i_rm48,24176423.026367188
CO_i_rm12,22468215.30834961
TEMP_i_rm48,21589004.91430664
st_CO_i_Tiantan,20215146.49658203
CO_i_rm24,19444089.41430664
CO_i_o1,19149024.890625
anom_PM10_i,18381288.38232422
st_PM10_i_Tiantan,17690687.87548828
st_CO_i_Dongsi,16904338.505126953
DEWP_i_o-2,16431518.43774414
DEWP_i_rs12,14244983.155761719
st_PM10_i_Huairou,13852860.46875
CO_i_o-2,13850807.238769531
DEWP_i_o-4,13347497.09765625
DEWP_i_o-3,12557993.537109375
net_SO2_i,12510122.638427734
st_PM10_i_Dingling,11755053.43359375
net_DEWP_i_d6,11724052.432128906
TEMP_i_rm24,11197120.416015625
st_CO_i_Guanyuan,11020592.696533203
st_PM10_i_Aotizhongxin,11015534.318359375
NO2_over_CO,10868190.291015625
WSPM_i_rm48,10238965.306396484
st_NO2_i_Wanliu,9882404.484863281
st_CO_i_Wanliu,9550052.869384766
ratio_PM10_i,9194604.604736328
DEWP_i_o-6,8979308.139648438
DEWP_i_rm12,8133359.083984375
net_DEWP_i,7993510.511474609
PM10_i_rs48,7705641.587646484
DEWP_i_d3,7556448.759033203
st_CO_i_Wanshouxigong,7481304.546630859
st_CO_i_Shunyi,7199611.2587890625
PM10_i_vs_rm48,7109945.016113281
net_PRES_i,6864512.50390625
DEWP_i_o-1,6828500.382080078
st_CO_i_Aotizhongxin,6822678.427734375
DEWP_i_rm6,6678038.430175781
O3_i_rs48,6544041.227050781
DEWP_i_o-8,6468763.526855469
net_O3_i,6233387.217285156
O3_i_rmax12,6162600.996582031
st_NO2_i_Dingling,6149495.263671875
raw_DEWP,5990573.000244141
PRES_i_o-4,5951742.401855469
SO2_i_o0,5901789.2236328125
DEWP_i_rm24,5850181.677001953
anom_CO_i,5792439.241699219
PM10_i_vs_rm24,5750368.222412109
PRES_i_o-8,5745509.395751953
st_NO2_i_Dongsi,5638641.461669922
st_PM10_i_Shunyi,5630690.491455078
PM10_i_rm48,5519539.251708984
SO2_i_rm24,5482567.902832031
TEMP_i_rmax12,5417679.983154297
SO2_i_rm48,5306223.2451171875
net_O3_i_d6,5286683.1240234375
SO2_i_rmin12,4995127.224121094
raw_SO2,4988901.511230469
DEWP_i_rm48,4898582.846435547
net_PM10_std,4780567.908447266
DEWP_i_vs_rm48,4694133.880371094
NO2_i_rs48,4657847.404541016
st_NO2_i_Aotizhongxin,4638632.071777344
TEMP_i_o-8,4620357.798339844
WSPM_i_rm24,4612075.295654297
CO_i_rs48,4544383.01953125
PM10_i_rmax12,4473394.800292969
PRES_i_o-6,4311230.920166016
TEMP_i_vs_rm48,4308653.786376953
DEWP_i_vs_rm24,4277249.778076172
PM10_i_d1,4274488.275390625
PM10_i_rm24,4254646.467285156
TEMP_i_vs_rm24,4182574.5419921875
st_PM10_i_Wanshouxigong,4134780.359375
SO2_i_rmax12,4007352.126220703
st_NO2_i_Guanyuan,3920717.557373047
O3_i_rmin12,3917121.7387695312
CO_i_o-4,3801737.147216797
TEMP_i_o-4,3798309.1518554688
PM10_i_dfwd,3778466.628173828
TEMP_i_o3,3709528.8540039062
NO2_i_rm48,3666261.8129882812
net_PRES_i_d6,3607340.2211914062
DEWP_i_rmax12,3559830.2619628906
st_NO2_i_Shunyi,3492077.0190429688
st_CO_i_Gucheng,3485477.587890625
SO2_i_rs48,3400285.2250976562
raw_PRES,3267021.2114257812
NO2_i_rmax12,3216929.0314941406
ratio_CO_i,3186533.58203125
TEMP_i_o-6,3166354.2890625
dow,3131048.98828125
PRES_i_o-3,3077616.5251464844
raw_O3,3065781.8657226562
TEMP_i_rm12,3057234.2263183594
O3_i_rm48,3012417.4609375
anom_NO2_i,2970230.0874023438
net_PM10_max,2940286.6291503906
PM10_i_d8,2827123.214111328
ratio_NO2_i,2813400.6755371094
PM10_i_rs12,2787646.1118164062
TEMP_i_o1,2760964.3784179688
O3_i_d3,2715629.0986328125
net_DEWP_i_d1,2673940.8537597656
PM10_i_d3,2665683.526611328
SO2_i_rm12,2499718.7900390625
DEWP_i_o3,2468758.8806152344
DEWP_i_o0,2413545.3984375
net_NO2_i,2358449.7033691406
PM10_i_dfwd3,2346251.4189453125
TEMP_i_rmin12,2322966.6577148438
CO_i_vs_rm48,2322588.3754882812
DEWP_i_o2,2303855.6245117188
SO2_i_d8,2250385.843017578
O3_i_rm6,2229599.0981445312
O3_i_rm12,2219897.3251953125
st_PM10_i_Changping,2202322.372314453
DEWP_i_o1,2176732.6459960938
O3_i_rm24,2176221.0009765625
NO2_i_rmin12,2112799.112060547
net_PM10_i_d6,2081324.263671875
net_O3_i_d1,2048832.3940429688
net_TEMP_i_d6,2034910.9750976562
st_NO2_i_Gucheng,2017201.0458984375
WSPM_i_rmax12,1976337.90234375
st_NO2_i_Wanshouxigong,1971500.5532226562
st_NO2_i_Huairou,1951189.6159667969
wv_i_o-2,1917103.9138183594
NO2_i_rm24,1906832.1411132812
O3_i_rs12,1902999.9658203125
st_PM10_i_Nongzhanguan,1897379.3745117188
PRES_i_o-2,1896685.8828125
O3_i_o-1,1890290.6608886719
PRES_i_d3,1881831.2568359375
WSPM_i_rm6,1841632.7219238281
raw_NO2,1826630.546875
net_CO_i_d6,1738679.4418945312
net_PM10_i_d1,1727185.2568359375
CO_i_vs_rm24,1727061.4916992188
NO2_i_vs_rm48,1724107.2412109375
CO_i_d3,1717589.3984375
net_WSPM_i,1702041.71875
PM10_i_rm12,1676541.0844726562
raw_TEMP,1572496.6247558594
CO_i_dfwd3,1570189.34375
SO2_i_vs_rm48,1548856.2155761719
PRES_i_o3,1536553.0815429688
PRES_i_o2,1526002.458984375
O3_over_NO2,1517016.9919433594
st_NO2_i_Tiantan,1511279.3923339844
st_NO2_i_Nongzhanguan,1510965.1130371094
st_PM10_i_Gucheng,1426284.2644042969
DEWP_i_d1,1423915.0571289062
TEMP_i_d3,1417179.2373046875
st_NO2_i_Changping,1386875.2446289062
NO2_i_o0,1375993.1376953125
CO_i_o-6,1345972.1572265625
O3_i_o-4,1331591.9345703125
hour,1330768.2448730469
net_NO2_i_d6,1317579.5874023438
wd_t,1315920.0600585938
CO_i_rmax12,1315225.3513183594
O3_i_vs_rm48,1307701.01953125
PM10_i_o-3,1304124.10546875
NO2_i_dfwd,1302382.6923828125
net_CO_std,1270154.9130859375
SO2_i_o-1,1267667.2729492188
CO_i_dfwd,1249178.5747070312
O3_i_o2,1209105.7009277344
CO_i_rs12,1187399.1552734375
CO_i_d8,1186429.6909179688
SO2_i_d3,1177159.8171386719
O3_i_o3,1176743.7624511719
wv_i_o-3,1127223.4594726562
vent,1119300.2756347656
WSPM_i_rs12,1104916.9260253906
SO2_over_NO2,1101307.4790039062
SO2_i_o1,1095451.6884765625
SO2_i_o3,1088917.3107910156
SO2_i_vs_rm24,1080871.5537109375
O3_i_o-2,1077715.1940917969
TEMP_i_o-1,1076916.2397460938
PM10_i_o2,1070264.4431152344
O3_i_o0,1057616.9633789062
TEMP_i_o0,1050374.798828125
net_CO_i_d1,1042601.0935058594
hr_sin,1041668.68359375
O3_i_o-3,1035240.1911621094
O3_i_o-6,1014037.40234375
SO2_i_o-8,1009675.5126953125
SO2_i_rm6,999246.96875
st_PM10_i_Wanliu,969828.3615722656
SO2_i_d1,966263.806640625
TEMP_i_rs12,962233.0466308594
TEMP_i_o2,958051.37890625
TEMP_i_d8,949922.2014160156
anom_O3_i,944611.5500488281
CO_i_o-3,930167.3120117188
PRES_i_o0,926198.8818359375
TEMP_i_o-3,903904.3916015625
WSPM_i_rm12,900527.9216308594
O3_i_d8,885158.6982421875
PM10_i_o3,884897.1228027344
net_TEMP_i_d1,875519.0380859375
O3_i_o1,872779.6323242188
NO2_i_rm12,869946.1652832031
wv_i_o-1,867032.5090332031
SO2_i_o-2,867014.5307617188
PRES_i_o-1,863695.9504394531
CO_i_d1,861513.4038085938
NO2_i_rs12,859243.6684570312
wd_h,835634.0222167969
O3_i_vs_rm24,822900.2595214844
SO2_i_o-6,818671.62890625
NO2_i_d8,817031.6181640625
NO2_i_o1,814571.0983886719
ratio_O3_i,809925.1520996094
SO2_i_o2,799281.0622558594
net_TEMP_i,787566.8984375
net_SO2_i_d1,770546.9401855469
TEMP_i_dfwd3,768099.7678222656
DEWP_i_d8,751852.1584472656
SO2_i_rs12,725033.0061035156
PRES_i_d8,716841.9416503906
CO_i_o-8,704781.490234375
CO_i_o2,695906.412109375
NO2_i_vs_rm24,692852.5466308594
O3_i_o-8,691714.6696777344
NO2_i_dfwd3,684151.0588378906
PM10_i_o-8,668425.9533691406
NO2_i_o-1,663582.8664550781
TEMP_i_rm6,658562.609375
net_SO2_i_d6,638439.4567871094
net_WSPM_i_d6,607903.3256835938
wv_i_o-8,606251.2153320312
wv_i_o-4,599045.6516113281
O3_i_d1,596748.3686523438
NO2_i_rm6,595326.4873046875
WSPM_i_rmin12,529093.4697265625
SO2_i_dfwd3,528580.779296875
PRES_i_o1,518475.9802246094
NO2_i_o3,512730.5500488281
wv_i_o-6,512019.0583496094
NO2_i_o2,511035.1843261719
NO2_i_d1,508466.861328125
SO2_i_dfwd,505333.47802734375
TEMP_i_o-2,505296.2099609375
NO2_i_o-8,498258.3046875
wv_i_o0,490504.7937011719
CO_i_o3,478383.3430175781
n_missing_h,468960.85498046875
SO2_i_o-3,459881.7919921875
NO2_i_o-6,453624.8474121094
SO2_i_o-4,451324.8720703125
raw_WSPM,448159.15380859375
RAIN_i_o-8,438547.8525390625
DEWP_i_dfwd3,408351.0988769531
O3_i_dfwd3,402157.88037109375
PM10_i_o-4,401865.92236328125
O3_i_dfwd,397183.27099609375
wv_i_o2,388219.4326171875
DEWP_i_dfwd,382600.49267578125
wu_i_o-4,377160.626953125
hr_cos,370125.38330078125
net_NO2_i_d1,367327.7109375
PM10_i_o-6,352975.2424316406
wu_i_o-6,348540.54736328125
raw_RAIN,337416.6989746094
WSPM_i_vs_rm24,330108.92236328125
RAIN_i_o-6,313886.6533203125
PRES_i_dfwd3,309567.8112792969
pres_trend,307338.806640625
net_WSPM_i_d1,288045.28759765625
TEMP_i_dfwd,285544.02978515625
TEMP_i_d1,285006.01904296875
WSPM_i_o-2,278997.34716796875
NO2_i_o-4,272599.970703125
WSPM_i_vs_rm48,265714.69775390625
net_PRES_i_d1,261319.90771484375
wv_i_o3,245182.5732421875
RAIN_i_d1,243816.24755859375
wv_i_o1,235212.1025390625
wv_i_d3,231149.7265625
wu_i_o3,227453.796875
NO2_i_d3,224546.61083984375
wu_i_o0,196982.009765625
n_missing_t,193559.62939453125
wv_i_d8,193140.59155273438
wu_i_o1,191590.43041992188
wu_i_o-2,189174.18994140625
WSPM_i_d8,186500.76025390625
NO2_i_o-3,181647.29931640625
wu_i_dfwd3,176909.58251953125
NO2_i_o-2,171771.25
RAIN_i_o-2,165172.84692382812
RAIN_i_o-1,160278.65234375
wu_i_o-8,141171.2099609375
WSPM_i_o-3,137975.30908203125
WSPM_i_o-4,136164.89208984375
RAIN_i_o2,133857.9384765625
RAIN_i_o-4,132824.59765625
wu_i_o-3,130446.37841796875
PRES_i_d1,129472.7763671875
wu_i_o2,129370.29052734375
WSPM_i_d3,124819.15966796875
WSPM_i_o1,105767.900390625
WSPM_i_o2,103623.61059570312
WSPM_i_dfwd3,102548.91064453125
wu_i_d8,102361.50927734375
WSPM_i_o3,98034.2197265625
PRES_i_dfwd,91465.34033203125
RAIN_i_d3,81297.82958984375
wv_i_dfwd3,72465.0205078125
RAIN_i_o3,71043.9794921875
WSPM_i_o-6,70853.1796875
wu_i_d1,66716.08056640625
wu_i_o-1,66083.08984375
RAIN_i_d8,65929.5888671875
RAIN_i_o1,61240.6201171875
WSPM_i_o-1,55513.3291015625
WSPM_i_d1,51379.78955078125
wu_i_d3,48518.0390625
RAIN_i_dfwd3,40658.0
WSPM_i_dfwd,37507.06982421875
wv_i_dfwd,35778.82958984375
wu_i_dfwd,29416.39990234375
WSPM_i_o-8,27038.7607421875
is_heating,25981.19091796875
wv_i_d1,24358.959716796875
RAIN_i_o0,20979.68017578125
WSPM_i_o0,16070.240234375
RAIN_i_o-3,5147.31005859375
RAIN_i_dfwd,0.0
